time,url,status,latency
2026-03-13 20:53:22.376614,https://weibo.com,UP
2026-03-13 20:53:22.915905,https://ft.com,DOWN
2026-03-13 20:53:44.465054,https://sina.com.cn,UP
2026-03-13 20:53:44.887884,https://yandex.ru,UP
2026-03-13 20:53:45.300828,https://youku.com,DOWN
2026-03-13 20:54:04.571106,https://amazon.de,DOWN
2026-03-13 20:54:22.785347,https://telegra.ph,DOWN
2026-03-13 20:54:23.579411,https://intuit.com,DOWN
2026-03-13 20:54:44.633889,https://ccc.de,UP
2026-03-13 20:55:26.400167,https://java.com,DOWN
2026-03-13 20:55:26.869852,https://amazon.ca,UP
2026-03-13 20:55:48.382699,https://freedesktop.org,DOWN
2026-03-13 20:55:49.074624,https://douban.com,DOWN
2026-03-13 21:50:00.346046,https://amazon.com,UP
2026-03-13 21:50:00.816953,https://qq.com,UP
2026-03-13 21:50:18.400827,https://weibo.com,UP
2026-03-13 21:50:18.898983,https://amzn.to,UP
2026-03-13 21:50:38.417272,https://amazon.co.uk,UP
2026-03-13 21:50:38.824774,https://yandex.ru,DOWN
2026-03-13 21:50:39.244797,https://youku.com,UP
2026-03-13 21:50:57.312253,https://amazon.de,UP
2026-03-13 21:51:15.631331,https://telegra.ph,DOWN
2026-03-13 21:51:34.301593,https://ok.ru,UP
2026-03-13 21:51:34.779954,https://ccc.de,DOWN
2026-03-13 21:51:50.600622,https://gutenberg.org,UP
2026-03-13 21:52:44.408620,https://colorlib.com,DOWN
2026-03-13 21:52:58.852743,https://repubblica.it,DOWN
2026-03-13 21:54:13.420867,https://gitea.com,UP
2026-03-13 21:54:13.897094,https://usp.br,UP
2026-03-13 21:54:14.318748,https://xiaohongshu.com,DOWN
2026-03-13 21:55:08.384365,https://rentry.co,UP
2026-03-13 21:55:08.894867,https://ubereats.com,DOWN
2026-03-13 21:55:47.336971,https://inkscape.org,UP
2026-03-13 21:55:47.745653,https://wwd.com,UP
2026-03-13 21:56:06.325795,https://cgi.ebay.com,UP
2026-03-13 21:56:25.294498,https://res.cloudinary.com,DOWN
2026-03-13 21:57:21.405844,https://pornhub.com,DOWN
2026-03-13 21:57:21.916338,https://gamblingtherapy.org,UP
2026-03-13 21:57:40.663443,https://tapatalk.com,DOWN
2026-03-13 21:57:58.374149,https://mail.qq.com,DOWN
2026-03-13 21:58:53.339831,https://claude.com,DOWN
2026-03-13 22:00:07.368176,https://sportskeeda.com,UP
2026-03-13 22:00:07.829830,https://fairmont.com,DOWN
2026-03-13 22:00:44.563631,https://nd.gov,UP
2026-03-13 22:01:02.387864,https://ofcom.org.uk,DOWN
2026-03-13 22:01:02.897386,https://t.cn,UP
2026-03-13 22:01:22.411819,https://pg.com,DOWN
2026-03-13 22:01:35.766155,https://hurriyet.com.tr,UP
2026-03-13 22:01:59.914686,https://dnaindia.com,DOWN
2026-03-13 22:02:20.116324,https://efe.com,UP
2026-03-13 22:02:58.295234,https://animenewsnetwork.com,DOWN
2026-03-13 22:03:53.390937,https://continental.com,DOWN
2026-03-13 22:04:32.571857,https://uni-augsburg.de,DOWN
2026-03-13 22:04:51.351911,https://ambafrance.org,DOWN
2026-03-13 22:05:10.712784,https://cepr.org,UP
2026-03-13 22:05:30.365626,https://brandwatch.com,UP
2026-03-13 22:05:30.889920,https://amazon.com.mx,DOWN
2026-03-13 22:07:17.417704,https://cdp.net,DOWN
2026-03-13 22:07:36.321964,https://spbu.ru,UP
2026-03-13 22:07:36.892328,https://dwd.de,UP
2026-03-13 22:07:55.363656,https://progressive.com,DOWN
2026-03-13 22:08:14.410877,https://epic.org,DOWN
2026-03-13 22:08:33.352072,https://nvcasinos.io,UP
2026-03-13 22:08:52.302588,https://bangordailynews.com,DOWN
2026-03-13 22:08:52.812986,https://skrill.com,DOWN
2026-03-13 22:09:12.377600,https://mgtv.com,DOWN
2026-03-13 22:09:31.501605,https://listbb.ru,UP
2026-03-13 22:10:26.376932,https://washingtoncitypaper.com,UP
2026-03-13 22:10:26.814340,https://afternic.com,DOWN
2026-03-13 22:10:45.308542,https://marketingprofs.com,UP
2026-03-13 22:11:03.370683,https://jacobinmag.com,DOWN
2026-03-13 22:12:00.405646,https://turnkeylinux.org,UP
2026-03-13 22:12:00.806471,https://getbb.ru,UP
2026-03-13 22:12:39.319681,https://austinchronicle.com,DOWN
2026-03-13 22:12:39.742711,https://d-nb.info,DOWN
2026-03-13 22:12:40.136875,https://iqvia.com,UP
2026-03-13 22:12:58.377667,https://securityholes.science,DOWN
2026-03-13 22:13:18.439359,https://wtatennis.com,DOWN
2026-03-13 22:13:36.559609,https://cqvip.com,DOWN
2026-03-13 22:13:55.403085,https://wowhead.com,UP
2026-03-13 22:14:14.367221,https://bsh-group.com,UP
2026-03-13 22:14:33.392810,https://telesurtv.net,DOWN
2026-03-13 22:14:33.805504,https://aacap.org,UP
2026-03-13 22:15:12.406889,https://heineken.com,UP
2026-03-13 22:15:12.826708,https://has-sante.fr,DOWN
2026-03-13 22:16:29.424752,https://diggerslist.com,UP
2026-03-13 22:16:48.429179,https://rtpslots.de,UP
2026-03-13 22:17:06.654791,https://lobstermania2.net,UP
2026-03-13 22:17:07.197528,https://gate777casino.net,UP
2026-03-13 22:17:08.222229,https://nbcconnecticut.com,UP
2026-03-13 22:18:04.339549,https://valetinowiki.racing,DOWN
2026-03-13 22:18:22.379300,https://paper.li,DOWN
2026-03-13 22:18:50.725974,https://metopera.org,UP
2026-03-13 22:18:51.238798,https://swatch.com,UP
2026-03-13 22:20:21.576186,https://aliyundrive.com,UP
2026-03-13 22:23:40.522996,https://qq.com,DOWN
2026-03-13 22:24:53.305865,https://telegra.ph,UP
2026-03-13 22:25:12.279538,https://euronews.com,DOWN
2026-03-13 22:25:12.679481,https://ccc.de,UP
2026-03-13 22:26:33.575821,https://dhl.com,DOWN
2026-03-13 22:27:48.374555,https://xiaohongshu.com,UP
2026-03-13 22:28:24.384626,https://bnf.fr,DOWN
2026-03-13 22:28:42.455268,https://ubereats.com,UP
2026-03-13 22:29:57.465844,https://res.cloudinary.com,UP
2026-03-13 22:29:58.069647,https://cargocollective.com,UP
2026-03-13 22:30:53.304927,https://pornhub.com,UP
2026-03-13 22:30:53.761886,https://gamblingtherapy.org,DOWN
2026-03-13 22:31:13.026717,https://tapatalk.com,UP
2026-03-13 22:31:31.353908,https://mail.qq.com,UP
2026-03-13 22:32:25.423801,https://divephotoguide.com,DOWN
2026-03-13 22:33:39.942979,https://sportskeeda.com,DOWN
2026-03-13 22:33:40.330714,https://transip.nl,DOWN
2026-03-13 22:33:40.863500,https://amazon.com.br,DOWN
2026-03-13 22:33:41.301362,https://fairmont.com,UP
2026-03-13 22:34:30.349681,https://ofcom.org.uk,UP
2026-03-13 22:34:49.400342,https://pg.com,UP
2026-03-13 22:35:07.521612,https://hurriyet.com.tr,DOWN
2026-03-13 22:35:30.343205,https://theprint.in,UP
2026-03-13 22:35:31.256003,https://dnaindia.com,UP
2026-03-13 22:36:28.314765,https://animenewsnetwork.com,UP
2026-03-13 22:37:24.328299,https://continental.com,UP
2026-03-13 22:38:02.483023,https://uni-augsburg.de,UP
2026-03-13 22:38:21.364798,https://ambafrance.org,UP
2026-03-13 22:40:31.506220,https://39.net,DOWN
